{
  "Get login page" : {
    "transaction" : "Get login page",
    "sampleCount" : 5,
    "errorCount" : 0,
    "errorPct" : 0.0,
    "meanResTime" : 12.6,
    "medianResTime" : 5.0,
    "minResTime" : 3.0,
    "maxResTime" : 46.0,
    "pct1ResTime" : 46.0,
    "pct2ResTime" : 46.0,
    "pct3ResTime" : 46.0,
    "throughput" : 6.8119891008174385,
    "receivedKBytesPerSec" : 18.114303048365123,
    "sentKBytesPerSec" : 0.8514986376021798
  },
  "Total" : {
    "transaction" : "Total",
    "sampleCount" : 20,
    "errorCount" : 0,
    "errorPct" : 0.0,
    "meanResTime" : 69.94999999999999,
    "medianResTime" : 62.5,
    "minResTime" : 3.0,
    "maxResTime" : 222.0,
    "pct1ResTime" : 188.20000000000013,
    "pct2ResTime" : 220.59999999999997,
    "pct3ResTime" : 222.0,
    "throughput" : 23.923444976076556,
    "receivedKBytesPerSec" : 198.869477048445,
    "sentKBytesPerSec" : 7.943331339712919
  },
  "Submit login-0" : {
    "transaction" : "Submit login-0",
    "sampleCount" : 5,
    "errorCount" : 0,
    "errorPct" : 0.0,
    "meanResTime" : 110.6,
    "medianResTime" : 92.0,
    "minResTime" : 79.0,
    "maxResTime" : 194.0,
    "pct1ResTime" : 194.0,
    "pct2ResTime" : 194.0,
    "pct3ResTime" : 194.0,
    "throughput" : 6.55307994757536,
    "receivedKBytesPerSec" : 3.334135403014417,
    "sentKBytesPerSec" : 2.758181110747051
  },
  "Submit login" : {
    "transaction" : "Submit login",
    "sampleCount" : 5,
    "errorCount" : 0,
    "errorPct" : 0.0,
    "meanResTime" : 133.8,
    "medianResTime" : 117.0,
    "minResTime" : 93.0,
    "maxResTime" : 222.0,
    "pct1ResTime" : 222.0,
    "pct2ResTime" : 222.0,
    "pct3ResTime" : 222.0,
    "throughput" : 6.377551020408164,
    "receivedKBytesPerSec" : 97.55037268813776,
    "sentKBytesPerSec" : 3.8364955357142856
  },
  "Submit login-1" : {
    "transaction" : "Submit login-1",
    "sampleCount" : 5,
    "errorCount" : 0,
    "errorPct" : 0.0,
    "meanResTime" : 22.8,
    "medianResTime" : 25.0,
    "minResTime" : 14.0,
    "maxResTime" : 27.0,
    "pct1ResTime" : 27.0,
    "pct2ResTime" : 27.0,
    "pct3ResTime" : 27.0,
    "throughput" : 8.488964346349746,
    "receivedKBytesPerSec" : 125.52724426994908,
    "sentKBytesPerSec" : 1.533650785229202
  }
}